Ceremony,Year,Class,CanonicalCategory,Category,Film,FilmId,Name,Nominees,NomineeIds,Winner,Detail,Note,Citation
92,2019,Acting,ACTOR IN A LEADING ROLE,ACTOR IN A LEADING ROLE,Pain and Glory,tt8291806,Antonio Banderas,Antonio Banderas,nm0000104,,Salvador,,
92,2019,Acting,ACTOR IN A LEADING ROLE,ACTOR IN A LEADING ROLE,Once upon a Time...in Hollywood,tt7131622,Leonardo DiCaprio,Leonardo DiCaprio,nm0000138,,Rick Dalton,,
92,2019,Acting,ACTOR IN A LEADING ROLE,ACTOR IN A LEADING ROLE,Marriage Story,tt7653254,Adam Driver,Adam Driver,nm3485845,,Charlie Barber,,
92,2019,Acting,ACTOR IN A LEADING ROLE,ACTOR IN A LEADING ROLE,Joker,tt7286456,Joaquin Phoenix,Joaquin Phoenix,nm0001618,True,Arthur Fleck,,
92,2019,Acting,ACTOR IN A LEADING ROLE,ACTOR IN A LEADING ROLE,The Two Popes,tt8404614,Jonathan Pryce,Jonathan Pryce,nm0000596,,Cardinal Jorge Bergoglio/Pope Francis,,
92,2019,Acting,ACTOR IN A SUPPORTING ROLE,ACTOR IN A SUPPORTING ROLE,A Beautiful Day in the Neighborhood,tt3224458,Tom Hanks,Tom Hanks,nm0000158,,Fred Rogers,,
92,2019,Acting,ACTOR IN A SUPPORTING ROLE,ACTOR IN A SUPPORTING ROLE,The Two Popes,tt8404614,Anthony Hopkins,Anthony Hopkins,nm0000164,,Cardinal Ratzinger/Pope Benedict,,
92,2019,Acting,ACTOR IN A SUPPORTING ROLE,ACTOR IN A SUPPORTING ROLE,The Irishman,tt1302006,Al Pacino,Al Pacino,nm0000199,,Jimmy Hoffa,,
92,2019,Acting,ACTOR IN A SUPPORTING ROLE,ACTOR IN A SUPPORTING ROLE,The Irishman,tt1302006,Joe Pesci,Joe Pesci,nm0000582,,Russell Bufalino,,
92,2019,Acting,ACTOR IN A SUPPORTING ROLE,ACTOR IN A SUPPORTING ROLE,Once upon a Time...in Hollywood,tt7131622,Brad Pitt,Brad Pitt,nm0000093,True,Cliff Booth,,
92,2019,Acting,ACTRESS IN A LEADING ROLE,ACTRESS IN A LEADING ROLE,Harriet,tt4648786,Cynthia Erivo,Cynthia Erivo,nm7248827,,Harriet/Minty,,
92,2019,Acting,ACTRESS IN A LEADING ROLE,ACTRESS IN A LEADING ROLE,Marriage Story,tt7653254,Scarlett Johansson,Scarlett Johansson,nm0424060,,Nicole Barber,,
92,2019,Acting,ACTRESS IN A LEADING ROLE,ACTRESS IN A LEADING ROLE,Little Women,tt3281548,Saoirse Ronan,Saoirse Ronan,nm1519680,,Jo March,,
92,2019,Acting,ACTRESS IN A LEADING ROLE,ACTRESS IN A LEADING ROLE,Bombshell,tt6394270,Charlize Theron,Charlize Theron,nm0000234,,Megyn Kelly,,
92,2019,Acting,ACTRESS IN A LEADING ROLE,ACTRESS IN A LEADING ROLE,Judy,tt7549996,Renée Zellweger,Renée Zellweger,nm0000250,True,Judy Garland,,
92,2019,Acting,ACTRESS IN A SUPPORTING ROLE,ACTRESS IN A SUPPORTING ROLE,Richard Jewell,tt3513548,Kathy Bates,Kathy Bates,nm0000870,,Bobi Jewell,,
92,2019,Acting,ACTRESS IN A SUPPORTING ROLE,ACTRESS IN A SUPPORTING ROLE,Marriage Story,tt7653254,Laura Dern,Laura Dern,nm0000368,True,Nora Fanshaw,,
92,2019,Acting,ACTRESS IN A SUPPORTING ROLE,ACTRESS IN A SUPPORTING ROLE,Jojo Rabbit,tt2584384,Scarlett Johansson,Scarlett Johansson,nm0424060,,Rosie,,
92,2019,Acting,ACTRESS IN A SUPPORTING ROLE,ACTRESS IN A SUPPORTING ROLE,Little Women,tt3281548,Florence Pugh,Florence Pugh,nm6073955,,Amy March,,
92,2019,Acting,ACTRESS IN A SUPPORTING ROLE,ACTRESS IN A SUPPORTING ROLE,Bombshell,tt6394270,Margot Robbie,Margot Robbie,nm3053338,,Kayla Pospisil,,
92,2019,Title,ANIMATED FEATURE FILM,ANIMATED FEATURE FILM,How to Train Your Dragon: The Hidden World,tt2386490,"Dean DeBlois, Bradford Lewis and Bonnie Arnold",Dean DeBlois|Bradford Lewis|Bonnie Arnold,nm0213450|nm0506977|nm0036366,,,,
92,2019,Title,ANIMATED FEATURE FILM,ANIMATED FEATURE FILM,I Lost My Body,tt9806192,Jérémy Clapin and Marc du Pontavice,Jérémy Clapin|Marc du Pontavice,nm3021346|nm0238941,,,,
92,2019,Title,ANIMATED FEATURE FILM,ANIMATED FEATURE FILM,Klaus,tt4729430,"Sergio Pablos, Jinko Gotoh and Marisa Román",Sergio Pablos|Jinko Gotoh|Marisa Román,nm0655053|nm1380146|nm9282610,,,,
92,2019,Title,ANIMATED FEATURE FILM,ANIMATED FEATURE FILM,Missing Link,tt6348138,"Chris Butler, Arianne Sutner and Travis Knight",Chris Butler|Arianne Sutner|Travis Knight,nm2752098|nm1750312|nm1325899,,,,
92,2019,Title,ANIMATED FEATURE FILM,ANIMATED FEATURE FILM,Toy Story 4,tt1979376,"Josh Cooley, Mark Nielsen and Jonas Rivera",Josh Cooley|Mark Nielsen|Jonas Rivera,nm2155757|nm0630923|nm0729304,True,,,
92,2019,Production,CINEMATOGRAPHY,CINEMATOGRAPHY,The Irishman,tt1302006,Rodrigo Prieto,Rodrigo Prieto,nm0006509,,,,
92,2019,Production,CINEMATOGRAPHY,CINEMATOGRAPHY,Joker,tt7286456,Lawrence Sher,Lawrence Sher,nm0003394,,,,
92,2019,Production,CINEMATOGRAPHY,CINEMATOGRAPHY,The Lighthouse,tt7984734,Jarin Blaschke,Jarin Blaschke,nm1144916,,,,
92,2019,Production,CINEMATOGRAPHY,CINEMATOGRAPHY,1917,tt8579674,Roger Deakins,Roger Deakins,nm0005683,True,,,
92,2019,Production,CINEMATOGRAPHY,CINEMATOGRAPHY,Once upon a Time...in Hollywood,tt7131622,Robert Richardson,Robert Richardson,nm0724744,,,,
92,2019,Production,COSTUME DESIGN,COSTUME DESIGN,The Irishman,tt1302006,Sandy Powell and Christopher Peterson,Sandy Powell|Christopher Peterson,nm0694309|nm1044613,,,,
92,2019,Production,COSTUME DESIGN,COSTUME DESIGN,Jojo Rabbit,tt2584384,Mayes C. Rubeo,Mayes C. Rubeo,nm0747946,,,,
92,2019,Production,COSTUME DESIGN,COSTUME DESIGN,Joker,tt7286456,Mark Bridges,Mark Bridges,nm0108775,,,,
92,2019,Production,COSTUME DESIGN,COSTUME DESIGN,Little Women,tt3281548,Jacqueline Durran,Jacqueline Durran,nm0244330,True,,,
92,2019,Production,COSTUME DESIGN,COSTUME DESIGN,Once upon a Time...in Hollywood,tt7131622,Arianne Phillips,Arianne Phillips,nm0680218,,,,
92,2019,Directing,DIRECTING,DIRECTING,The Irishman,tt1302006,Martin Scorsese,Martin Scorsese,nm0000217,,,,
92,2019,Directing,DIRECTING,DIRECTING,Joker,tt7286456,Todd Phillips,Todd Phillips,nm0680846,,,,
92,2019,Directing,DIRECTING,DIRECTING,1917,tt8579674,Sam Mendes,Sam Mendes,nm0005222,,,,
92,2019,Directing,DIRECTING,DIRECTING,Once upon a Time...in Hollywood,tt7131622,Quentin Tarantino,Quentin Tarantino,nm0000233,,,,
92,2019,Directing,DIRECTING,DIRECTING,Parasite,tt6751668,Bong Joon Ho,Bong Joon Ho,nm0094435,True,,,
92,2019,Title,DOCUMENTARY (Feature),DOCUMENTARY (Feature),American Factory,tt9351980,"Steven Bognar, Julia Reichert and Jeff Reichert",Steven Bognar|Julia Reichert|Jeff Reichert,nm0091840|nm0717064|nm1630563,True,,,
92,2019,Title,DOCUMENTARY (Feature),DOCUMENTARY (Feature),The Cave,tt7178226,"Feras Fayyad, Kirstine Barfod and Sigrid Dyekjær",Feras Fayyad|Kirstine Barfod|Sigrid Dyekjær,nm5926047|nm3450798|nm1410710,,,,
92,2019,Title,DOCUMENTARY (Feature),DOCUMENTARY (Feature),The Edge of Democracy,tt6016744,"Petra Costa, Joanna Natasegara, Shane Boris and Tiago Pavan",Petra Costa|Joanna Natasegara|Shane Boris|Tiago Pavan,nm3525467|nm3319085|nm3312530|nm6682792,,,,
92,2019,Title,DOCUMENTARY (Feature),DOCUMENTARY (Feature),For Sama,tt9617456,Waad al-Kateab and Edward Watts,Waad al-Kateab|Edward Watts,nm10408302|nm3117666,,,,
92,2019,Title,DOCUMENTARY (Feature),DOCUMENTARY (Feature),Honeyland,tt8991268,"Ljubo Stefanov, Tamara Kotevska and Atanas Georgiev",Ljubo Stefanov|Tamara Kotevska|Atanas Georgiev,nm10118100|nm9393813|nm1389493,,,,
92,2019,Title,DOCUMENTARY (Short Subject),DOCUMENTARY (Short Subject),In the Absence,tt9464764,Yi Seung-Jun and Gary Byung-Seok Kam,Yi Seung-Jun|Gary Byung-Seok Kam,nm3508453|nm4351697,,,,
92,2019,Title,DOCUMENTARY (Short Subject),DOCUMENTARY (Short Subject),Learning to Skateboard in a Warzone (If You're a Girl),tt10397932,Carol Dysinger and Elena Andreicheva,Carol Dysinger|Elena Andreicheva,nm0246009|nm5073726,True,,,
92,2019,Title,DOCUMENTARY (Short Subject),DOCUMENTARY (Short Subject),Life Overtakes Me,tt9204606,John Haptas and Kristine Samuelson,John Haptas|Kristine Samuelson,nm0361635|nm0760552,,,,
92,2019,Title,DOCUMENTARY (Short Subject),DOCUMENTARY (Short Subject),St. Louis Superman,tt10009148,Smriti Mundhra and Sami Khan,Smriti Mundhra|Sami Khan,nm0612731|nm3172182,,,,
92,2019,Title,DOCUMENTARY (Short Subject),DOCUMENTARY (Short Subject),Walk Run Cha-Cha,tt10182854,Laura Nix and Colette Sandstedt,Laura Nix|Colette Sandstedt,nm0633177|nm1586984,,,,
92,2019,Production,FILM EDITING,FILM EDITING,Ford v Ferrari,tt1950186,Michael McCusker and Andrew Buckland,Michael McCusker|Andrew Buckland,nm0567331|nm0118202,True,,,
92,2019,Production,FILM EDITING,FILM EDITING,The Irishman,tt1302006,Thelma Schoonmaker,Thelma Schoonmaker,nm0774817,,,,
92,2019,Production,FILM EDITING,FILM EDITING,Jojo Rabbit,tt2584384,Tom Eagles,Tom Eagles,nm2305414,,,,
92,2019,Production,FILM EDITING,FILM EDITING,Joker,tt7286456,Jeff Groth,Jeff Groth,nm0343846,,,,
92,2019,Production,FILM EDITING,FILM EDITING,Parasite,tt6751668,Yang Jinmo,Yang Jinmo,nm2185967,,,,
92,2019,Title,INTERNATIONAL FEATURE FILM,INTERNATIONAL FEATURE FILM,Corpus Christi,tt8649186,Poland,,,,,,
92,2019,Title,INTERNATIONAL FEATURE FILM,INTERNATIONAL FEATURE FILM,Honeyland,tt8991268,North Macedonia,,,,,,
92,2019,Title,INTERNATIONAL FEATURE FILM,INTERNATIONAL FEATURE FILM,Les Misérables,tt10199590,France,,,,,,
92,2019,Title,INTERNATIONAL FEATURE FILM,INTERNATIONAL FEATURE FILM,Pain and Glory,tt8291806,Spain,,,,,,
92,2019,Title,INTERNATIONAL FEATURE FILM,INTERNATIONAL FEATURE FILM,Parasite,tt6751668,South Korea,,,True,,,
92,2019,Production,MAKEUP AND HAIRSTYLING,MAKEUP AND HAIRSTYLING,Bombshell,tt6394270,"Kazu Hiro, Anne Morgan and Vivian Baker",Kazu Hiro|Anne Morgan|Vivian Baker,nm0875308|nm0604479|nm0049004,True,,,
92,2019,Production,MAKEUP AND HAIRSTYLING,MAKEUP AND HAIRSTYLING,Joker,tt7286456,Nicki Ledermann and Kay Georgiou,Nicki Ledermann|Kay Georgiou,nm0496525|nm0313789,,,,
92,2019,Production,MAKEUP AND HAIRSTYLING,MAKEUP AND HAIRSTYLING,Judy,tt7549996,Jeremy Woodhead,Jeremy Woodhead,nm0940291,,,,
92,2019,Production,MAKEUP AND HAIRSTYLING,MAKEUP AND HAIRSTYLING,Maleficent: Mistress of Evil,tt4777008,"Paul Gooch, Arjen Tuiten and David White",Paul Gooch|Arjen Tuiten|David White,nm0328655|nm1115465|nm0924675,,,,
92,2019,Production,MAKEUP AND HAIRSTYLING,MAKEUP AND HAIRSTYLING,1917,tt8579674,"Naomi Donne, Tristan Versluis and Rebecca Cole",Naomi Donne|Tristan Versluis|Rebecca Cole,nm0232644|nm1033448|nm1226541,,,,
92,2019,Music,MUSIC (Original Score),MUSIC (Original Score),Joker,tt7286456,Hildur Guðnadóttir,Hildur Guðnadóttir,nm3723390,True,,,
92,2019,Music,MUSIC (Original Score),MUSIC (Original Score),Little Women,tt3281548,Alexandre Desplat,Alexandre Desplat,nm0006035,,,,
92,2019,Music,MUSIC (Original Score),MUSIC (Original Score),Marriage Story,tt7653254,Randy Newman,Randy Newman,nm0005271,,,,
92,2019,Music,MUSIC (Original Score),MUSIC (Original Score),1917,tt8579674,Thomas Newman,Thomas Newman,nm0002353,,,,
92,2019,Music,MUSIC (Original Score),MUSIC (Original Score),Star Wars: The Rise of Skywalker,tt2527338,John Williams,John Williams,nm0002354,,,,
92,2019,Music,MUSIC (Original Song),MUSIC (Original Song),Toy Story 4,tt1979376,Music and Lyric by Randy Newman,Randy Newman,nm0005271,,I Can't Let You Throw Yourself Away,,
92,2019,Music,MUSIC (Original Song),MUSIC (Original Song),Rocketman,tt2066051,Music by Elton John; Lyric by Bernie Taupin,Elton John|Bernie Taupin,nm0005056|nm0005479,True,(I'm Gonna) Love Me Again,,
92,2019,Music,MUSIC (Original Song),MUSIC (Original Song),Breakthrough,tt7083526,Music and Lyric by Diane Warren,Diane Warren,nm0005534,,I'm Standing With You,,
92,2019,Music,MUSIC (Original Song),MUSIC (Original Song),Frozen II,tt4520988,Music and Lyric by Kristen Anderson-Lopez and Robert Lopez,Kristen Anderson-Lopez|Robert Lopez,nm2844448|nm0520188,,Into The Unknown,,
92,2019,Music,MUSIC (Original Song),MUSIC (Original Song),Harriet,tt4648786,Music and Lyric by Joshuah Brian Campbell and Cynthia Erivo,Joshuah Brian Campbell|Cynthia Erivo,nm11140804|nm7248827,,Stand Up,,
92,2019,Title,BEST PICTURE,BEST PICTURE,Ford v Ferrari,tt1950186,"Peter Chernin, Jenno Topping and James Mangold, Producers",Peter Chernin|Jenno Topping|James Mangold,nm1858656|nm0867768|nm0003506,,,,
92,2019,Title,BEST PICTURE,BEST PICTURE,The Irishman,tt1302006,"Martin Scorsese, Robert De Niro, Jane Rosenthal and Emma Tillinger Koskoff, Producers",Martin Scorsese|Robert De Niro|Jane Rosenthal|Emma Tillinger Koskoff,nm0000217|nm0000134|nm0742772|nm0863374,,,,
92,2019,Title,BEST PICTURE,BEST PICTURE,Jojo Rabbit,tt2584384,"Carthew Neal, Taika Waititi and Chelsea Winstanley, Producers",Carthew Neal|Taika Waititi|Chelsea Winstanley,nm2868859|nm0169806|nm4438615,,,,
92,2019,Title,BEST PICTURE,BEST PICTURE,Joker,tt7286456,"Todd Phillips, Bradley Cooper and Emma Tillinger Koskoff, Producers",Todd Phillips|Bradley Cooper|Emma Tillinger Koskoff,nm0680846|nm0177896|nm0863374,,,,
92,2019,Title,BEST PICTURE,BEST PICTURE,Little Women,tt3281548,"Amy Pascal, Producer",Amy Pascal,nm1166871,,,,
92,2019,Title,BEST PICTURE,BEST PICTURE,Marriage Story,tt7653254,"Noah Baumbach and David Heyman, Producers",Noah Baumbach|David Heyman,nm0000876|nm0382268,,,,
92,2019,Title,BEST PICTURE,BEST PICTURE,1917,tt8579674,"Sam Mendes, Pippa Harris, Jayne-Ann Tenggren and Callum McDougall, Producers",Sam Mendes|Pippa Harris|Jayne-Ann Tenggren|Callum McDougall,nm0005222|nm0365208|nm0854991|nm0568223,,,,
92,2019,Title,BEST PICTURE,BEST PICTURE,Once upon a Time...in Hollywood,tt7131622,"David Heyman, Shannon McIntosh and Quentin Tarantino, Producers",David Heyman|Shannon McIntosh|Quentin Tarantino,nm0382268|nm0570690|nm0000233,,,,
92,2019,Title,BEST PICTURE,BEST PICTURE,Parasite,tt6751668,"Kwak Sin Ae and Bong Joon Ho, Producers",Kwak Sin Ae|Bong Joon Ho,nm10113618|nm0094435,True,,,
92,2019,Production,ART DIRECTION,PRODUCTION DESIGN,The Irishman,tt1302006,Production Design: Bob Shaw; Set Decoration: Regina Graves,Bob Shaw|Regina Graves,nm0004052|nm0336340,,,,
92,2019,Production,ART DIRECTION,PRODUCTION DESIGN,Jojo Rabbit,tt2584384,Production Design: Ra Vincent; Set Decoration: Nora Sopková,Ra Vincent|Nora Sopková,nm1308151|nm4196495,,,,
92,2019,Production,ART DIRECTION,PRODUCTION DESIGN,1917,tt8579674,Production Design: Dennis Gassner; Set Decoration: Lee Sandales,Dennis Gassner|Lee Sandales,nm0309357|nm0761227,,,,
92,2019,Production,ART DIRECTION,PRODUCTION DESIGN,Once upon a Time...in Hollywood,tt7131622,Production Design: Barbara Ling; Set Decoration: Nancy Haigh,Barbara Ling|Nancy Haigh,nm0512686|nm0354101,True,,,
92,2019,Production,ART DIRECTION,PRODUCTION DESIGN,Parasite,tt6751668,Production Design: Lee Ha Jun; Set Decoration: Cho Won Woo,Lee Ha Jun|Cho Won Woo,nm4342766|nm6657856,,,,
92,2019,Title,SHORT FILM (Animated),SHORT FILM (Animated),Dcera (Daughter),tt10923134,Daria Kashcheeva,Daria Kashcheeva,nm9032521,,,,
92,2019,Title,SHORT FILM (Animated),SHORT FILM (Animated),Hair Love,tt7129636,Matthew A. Cherry and Karen Rupert Toliver,Matthew A. Cherry|Karen Rupert Toliver,nm1525794|nm2702123,True,,,
92,2019,Title,SHORT FILM (Animated),SHORT FILM (Animated),Kitbull,tt9536832,Rosana Sullivan and Kathryn Hendrickson,Rosana Sullivan|Kathryn Hendrickson,nm3300040|nm4144523,,,,
92,2019,Title,SHORT FILM (Animated),SHORT FILM (Animated),Memorable,tt10499942,Bruno Collet and Jean-François Le Corre,Bruno Collet|Jean-François Le Corre,nm1170249|nm1803332,,,,
92,2019,Title,SHORT FILM (Animated),SHORT FILM (Animated),Sister,tt9032798,Siqi Song,Siqi Song,nm5465317,,,,
92,2019,Title,SHORT FILM (Live Action),SHORT FILM (Live Action),Brotherhood,tt8906678,Meryam Joobeur and Maria Gracia Turgeon,Meryam Joobeur|Maria Gracia Turgeon,nm5084972|nm5637080,,,,
92,2019,Title,SHORT FILM (Live Action),SHORT FILM (Live Action),Nefta Football Club,tt8551848,Yves Piat and Damien Megherbi,Yves Piat|Damien Megherbi,nm1166989|nm6628142,,,,
92,2019,Title,SHORT FILM (Live Action),SHORT FILM (Live Action),The Neighbors' Window,tt8163822,Marshall Curry,Marshall Curry,nm1903582,True,,,
92,2019,Title,SHORT FILM (Live Action),SHORT FILM (Live Action),Saria,tt11421246,Bryan Buckley and Matt Lefebvre,Bryan Buckley|Matt Lefebvre,nm1519252|nm4119897,,,,
92,2019,Title,SHORT FILM (Live Action),SHORT FILM (Live Action),A Sister,tt8767544,Delphine Girard,Delphine Girard,nm5407860,,,,
92,2019,Production,SOUND EDITING,SOUND EDITING,Ford v Ferrari,tt1950186,Donald Sylvester,Donald Sylvester,nm0843219,True,,,
92,2019,Production,SOUND EDITING,SOUND EDITING,Joker,tt7286456,Alan Robert Murray,Alan Robert Murray,nm0614812,,,,
92,2019,Production,SOUND EDITING,SOUND EDITING,1917,tt8579674,Oliver Tarney and Rachael Tate,Oliver Tarney|Rachael Tate,nm0850549|nm2655291,,,,
92,2019,Production,SOUND EDITING,SOUND EDITING,Once upon a Time...in Hollywood,tt7131622,Wylie Stateman,Wylie Stateman,nm0823758,,,,
92,2019,Production,SOUND EDITING,SOUND EDITING,Star Wars: The Rise of Skywalker,tt2527338,Matthew Wood and David Acord,Matthew Wood|David Acord,nm0003214|nm0004198,,,,
92,2019,Production,SOUND MIXING,SOUND MIXING,Ad Astra,tt2935510,"Gary Rydstrom, Tom Johnson and Mark Ulano",Gary Rydstrom|Tom Johnson|Mark Ulano,nm0003977|nm0426348|nm0880360,,,,
92,2019,Production,SOUND MIXING,SOUND MIXING,Ford v Ferrari,tt1950186,"Paul Massey, David Giammarco and Steven A. Morrow",Paul Massey|David Giammarco|Steven A. Morrow,nm0557338|nm0316102|nm0607551,,,,
92,2019,Production,SOUND MIXING,SOUND MIXING,Joker,tt7286456,"Tom Ozanich, Dean Zupancic and Tod Maitland",Tom Ozanich|Dean Zupancic|Tod Maitland,nm0654696|nm0958711|nm0537972,,,,
92,2019,Production,SOUND MIXING,SOUND MIXING,1917,tt8579674,Mark Taylor and Stuart Wilson,Mark Taylor|Stuart Wilson,nm0852837|nm0934184,True,,,
92,2019,Production,SOUND MIXING,SOUND MIXING,Once upon a Time...in Hollywood,tt7131622,"Michael Minkler, Christian P. Minkler and Mark Ulano",Michael Minkler|Christian P. Minkler|Mark Ulano,nm0591444|nm0591441|nm0880360,,,,
92,2019,Production,VISUAL EFFECTS,VISUAL EFFECTS,Avengers: Endgame,tt4154796,"Dan DeLeeuw, Russell Earl, Matt Aitken and Dan Sudick",Dan DeLeeuw|Russell Earl|Matt Aitken|Dan Sudick,nm0216699|nm0247270|nm0014884|nm0837203,,,,
92,2019,Production,VISUAL EFFECTS,VISUAL EFFECTS,The Irishman,tt1302006,"Pablo Helman, Leandro Estebecorena, Nelson Sepulveda-Fauser and Stephane Grabli",Pablo Helman|Leandro Estebecorena|Nelson Sepulveda-Fauser|Stephane Grabli,nm0375666|nm1739145|nm0784700|nm3148163,,,,
92,2019,Production,VISUAL EFFECTS,VISUAL EFFECTS,The Lion King,tt6105098,"Robert Legato, Adam Valdez, Andrew R. Jones and Elliot Newman",Robert Legato|Adam Valdez|Andrew R. Jones|Elliot Newman,nm0499215|nm0883628|nm1002475|nm1806961,,,,
92,2019,Production,VISUAL EFFECTS,VISUAL EFFECTS,1917,tt8579674,"Guillaume Rocheron, Greg Butler and Dominic Tuohy",Guillaume Rocheron|Greg Butler|Dominic Tuohy,nm1806981|nm0124935|nm0876716,True,,,
92,2019,Production,VISUAL EFFECTS,VISUAL EFFECTS,Star Wars: The Rise of Skywalker,tt2527338,"Roger Guyett, Neal Scanlan, Patrick Tubach and Dominic Tuohy",Roger Guyett|Neal Scanlan|Patrick Tubach|Dominic Tuohy,nm0004361|nm0768943|nm0875604|nm0876716,,,,
92,2019,Writing,WRITING (Adapted Screenplay),WRITING (Adapted Screenplay),The Irishman,tt1302006,Screenplay by Steven Zaillian,Steven Zaillian,nm0001873,,,,
92,2019,Writing,WRITING (Adapted Screenplay),WRITING (Adapted Screenplay),Jojo Rabbit,tt2584384,Screenplay by Taika Waititi,Taika Waititi,nm0169806,True,,,
92,2019,Writing,WRITING (Adapted Screenplay),WRITING (Adapted Screenplay),Joker,tt7286456,Written by Todd Phillips & Scott Silver,Todd Phillips|Scott Silver,nm0680846|nm0798788,,,,
92,2019,Writing,WRITING (Adapted Screenplay),WRITING (Adapted Screenplay),Little Women,tt3281548,Written for the screen by Greta Gerwig,Greta Gerwig,nm1950086,,,,
92,2019,Writing,WRITING (Adapted Screenplay),WRITING (Adapted Screenplay),The Two Popes,tt8404614,Written by Anthony McCarten,Anthony McCarten,nm0565026,,,,
92,2019,Writing,WRITING (Original Screenplay),WRITING (Original Screenplay),Knives Out,tt8946378,Written by Rian Johnson,Rian Johnson,nm0426059,,,,
92,2019,Writing,WRITING (Original Screenplay),WRITING (Original Screenplay),Marriage Story,tt7653254,Written by Noah Baumbach,Noah Baumbach,nm0000876,,,,
92,2019,Writing,WRITING (Original Screenplay),WRITING (Original Screenplay),1917,tt8579674,Written by Sam Mendes & Krysty Wilson-Cairns,Sam Mendes|Krysty Wilson-Cairns,nm0005222|nm4880670,,,,
92,2019,Writing,WRITING (Original Screenplay),WRITING (Original Screenplay),Once upon a Time...in Hollywood,tt7131622,Written by Quentin Tarantino,Quentin Tarantino,nm0000233,,,,
92,2019,Writing,WRITING (Original Screenplay),WRITING (Original Screenplay),Parasite,tt6751668,"Screenplay by Bong Joon Ho, Han Jin Won; Story by Bong Joon Ho",Bong Joon Ho|Han Jin Won,nm0094435|nm8243301,True,,,
92,2019,Special,JEAN HERSHOLT HUMANITARIAN AWARD,JEAN HERSHOLT HUMANITARIAN AWARD,,,Geena Davis,Geena Davis,nm0000133,True,,,
92,2019,Special,HONORARY AWARD,HONORARY AWARD,,,,David Lynch,nm0000186,True,,,"To David Lynch, for fearlessly breaking boundaries in pursuit of his singular cinematic vision."
92,2019,Special,HONORARY AWARD,HONORARY AWARD,,,,Wes Studi,nm0836071,True,,,"To Wes Studi, in recognition of the power and craft he brings to his indelible film portrayals and for his steadfast support of the Native American community."
92,2019,Special,HONORARY AWARD,HONORARY AWARD,,,,Lina Wertmüller,nm0921631,True,,,"To Lina Wertmüller, for her provocative disruption of political and social norms delivered with bravery through her weapon of choice: the camera lens."
92,2019,SciTech,SCIENTIFIC AND TECHNICAL AWARD (Scientific and Engineering Award),SCIENTIFIC AND TECHNICAL AWARD (Scientific and Engineering Award),,,,Dr. Zvi Reznic|Professor Meir Feder|Guy Dorman|Ron Yogev,,True,,"By using novel extensions of digital data transmission and compression algorithms, and data prioritization based on error rate, the Amimon chipset supports the creation of systems with virtually unrestricted camera motion, expanding creative freedom during filming.","To DR. ZVI REZNIC, PROFESSOR MEIR FEDER, GUY DORMAN and RON YOGEV for the development of the Amimon wireless chipset, which enables untethered, high-quality on-set, encrypted digital video monitoring with sub-frame latency."
92,2019,SciTech,SCIENTIFIC AND TECHNICAL AWARD (Scientific and Engineering Award),SCIENTIFIC AND TECHNICAL AWARD (Scientific and Engineering Award),,,,Nicolaas Verheem|Greg Smokler|Ilya Issenin,,True,,"The Teradek Bolt system features a frame-synchronized back channel for real-time camera control, an error-resilient timecode channel and integrated production metadata, which have led to its widespread adoption in motion picture production.","To NICOLAAS VERHEEM, GREG SMOKLER and ILYA ISSENIN for the development of the ruggedized Teradek Bolt wireless video transmission system for on-set remote monitoring."
92,2019,SciTech,SCIENTIFIC AND TECHNICAL AWARD (Scientific and Engineering Award),SCIENTIFIC AND TECHNICAL AWARD (Scientific and Engineering Award),,,,ALEXEY LUKIN|IZOTOPE INC.,,True,,"Featuring spectral processing algorithms enhanced with machine learning, the iZotope RX system is widely favored by motion picture sound professionals for audio repair and enhancement.","To ALEXEY LUKIN and the TEAM OF MATHEMATICIANS, SOFTWARE ENGINEERS, SOUND DESIGNERS AND PRODUCT SPECIALISTS OF IZOTOPE, INC. for the development of the RX audio processing system."
92,2019,SciTech,SCIENTIFIC AND TECHNICAL AWARD (Scientific and Engineering Award),SCIENTIFIC AND TECHNICAL AWARD (Scientific and Engineering Award),,,,Jeff Bloom|GUY McNALLY|Nick Rose|John Ellwood|Jonathan Newland,,True,,"Wordfit revolutionized the process of post sync ADR by eliminating the need for manual editing to perfect lip sync. VocALign and Revoice Pro are software tools that together give sound editors unprecedented control over the final performance in replaced dialog. In use for many years, these technologies continue their predominance in the creation and seamless integration of replacement dialog tracks in motion pictures.","To JEFF BLOOM, GUY McNALLY and NICK ROSE for the original concept and engineering of the Wordfit System for automatic ADR synchronization, and to JOHN ELLWOOD and JONATHAN NEWLAND for the engineering and development of VocALign and Revoice Pro."
92,2019,SciTech,SCIENTIFIC AND TECHNICAL AWARD (Scientific and Engineering Award),SCIENTIFIC AND TECHNICAL AWARD (Scientific and Engineering Award),,,,Sanken Microphone Company Limited,,True,,Sanken's early engineering work in microphone orientation and miniaturization has inspired the current generation of lavalier microphones. The exceptional sound quality and durability of the COS-11 series have made them the predominant lavalier microphones used in motion picture production sound recording.,To SANKEN MICROPHONE COMPANY LIMITED for the original innovation and continuous refinement of the Sanken COS-11 series of miniature lavalier microphones.
92,2019,SciTech,SCIENTIFIC AND TECHNICAL AWARD (Technical Achievement Award),SCIENTIFIC AND TECHNICAL AWARD (Technical Achievement Award),,,,Masato Nakashima|Koichi Ueno|Junji Sakuda|Junro Yonemitsu,,True,,EIZO auto-calibrating SDR monitors increase artists' confidence in facility-wide image reproduction accuracy and reduce disruptions to the creative process and production workflows. They have become indispensable for many major motion picture animation and effects facilities.,"To MASATO NAKASHIMA, KOICHI UENO, JUNJI SAKUDA and JUNRO YONEMITSU for the development of the EIZO auto-calibrating SDR monitors that incorporate a built-in sensor, digital uniformity equalizer and accompanying SDK."
92,2019,SciTech,SCIENTIFIC AND TECHNICAL AWARD (Technical Achievement Award),SCIENTIFIC AND TECHNICAL AWARD (Technical Achievement Award),,,,Alejandro Arango|Gary Martinez|Robert Derry|Glenn Derry,,True,,"The Technoprops head-mounted camera system, with its modular and production-proven construction, supports consistent face alignment with improved actor comfort, while at the same time permitting quick reconfiguration and minimizing downtime. This system enables repeatable, accurate and unobstructed capture of an actor's facial movements.","To ALEJANDRO ARANGO, GARY MARTINEZ, ROBERT DERRY and GLENN DERRY for the system design, ergonomics, engineering and workflow integration of the widely adopted Technoprops head-mounted camera system."
92,2019,SciTech,SCIENTIFIC AND TECHNICAL AWARD (Technical Achievement Award),SCIENTIFIC AND TECHNICAL AWARD (Technical Achievement Award),,,,Babak Beheshti|Scott Robitille|Ian Kelly|Dejan Momcilovic,,True,,"The Standard Deviation head-mounted camera system provides a robust method of accurate camera synchronization to the house clock. Combined with practical innovations for usability, it enables multiple head-mounted camera systems to be used in large capture volumes, resulting in adoption by numerous motion picture productions.","To BABAK BEHESHTI and SCOTT ROBITILLE for the development of the compact, stand-alone, phase-accurate genlock synchronization and recording module, and to IAN KELLY and DEJAN MOMCILOVIC for the technical direction and workflow integration, of the Standard Deviation head-mounted camera system."
92,2019,SciTech,SCIENTIFIC AND TECHNICAL AWARD (Technical Achievement Award),SCIENTIFIC AND TECHNICAL AWARD (Technical Achievement Award),,,,SVEN WOOP|CARSTEN BENTHIN|ATTILA T. Á FRA|MANFRED ERNST|INGO WALD,,True,,"For the past decade, the Intel Embree Ray Tracing Library has provided a high-performance, industry-leading, CPU-based ray-geometry intersection framework through well-engineered open source code, supported by a comprehensive set of research publications. It has become an indispensable resource for motion picture production rendering.","To SVEN WOOP and CARSTEN BENTHIN for core development, ATTILA T. ÁFRA for motion picture feature development, and MANFRED ERNST and INGO WALD for early research and technical direction, of the Intel® Embree Ray Tracing Library."
92,2019,SciTech,SCIENTIFIC AND TECHNICAL AWARD (Technical Achievement Award),SCIENTIFIC AND TECHNICAL AWARD (Technical Achievement Award),,,,Hayley Iben|Mark Meyer|John Anderson|Andrew Witkin,,True,,"Taz is a robust, predictable and efficient mass-spring hair simulation system with novel formulations of hair shape, bending springs and hair-to-hair collisions. It has enabled Pixar artists to bring to life animated digital characters with a wide variety of stylized hair, from straight to wavy to curly.","To HAYLEY IBEN, MARK MEYER, JOHN ANDERSON and ANDREW WITKIN for the Taz Hair Simulation System."
92,2019,SciTech,SCIENTIFIC AND TECHNICAL AWARD (Technical Achievement Award),SCIENTIFIC AND TECHNICAL AWARD (Technical Achievement Award),,,,Stephen Bowline,nm1384202,True,,The ILM HairCraft Dynamics System has a physically robust hair-dynamics model that simulates hair by embedding curves in tetrahedral mesh volumes. Its unique spring-based control system has helped ILM artists create a wide range of photorealistic digital characters and digital stunt doubles.,To STEPHEN BOWLINE for the ILM HairCraft Dynamics System.
92,2019,SciTech,SCIENTIFIC AND TECHNICAL AWARD (Technical Achievement Award),SCIENTIFIC AND TECHNICAL AWARD (Technical Achievement Award),,,,Kelly Ward Hammel|ALEKA McADAMS|Toby Jones|Maryann Simmons|Andy Milne,,True,,"The WDAS Hair Simulation System is a robust, predictable, fast and highly art-directable system built on the mathematics of discrete elastic rods. This has provided Disney artists the flexibility to manipulate hair in hyper-realistic ways to create the strong silhouettes required for character animation and has enabled a wide range of complex hairstyles in animated feature films.","To KELLY WARD HAMMEL, ALEKA McADAMS, TOBY JONES, MARYANN SIMMONS and ANDY MILNE for the Walt Disney Animation Studios Hair Simulation System."
92,2019,SciTech,SCIENTIFIC AND TECHNICAL AWARD (Technical Achievement Award),SCIENTIFIC AND TECHNICAL AWARD (Technical Achievement Award),,,,Niall Ryan|Christoph Sprenger|Gilles Daviet,nm2915743|nm1587248|nm5523902,True,,"The Synapse Hair Simulation System is a robust, predictable and highly scalable position-based dynamics system with a novel inverse parameter solver. It has helped Weta Digital artists create a wide range of photorealistic digital characters and digital stunt doubles.","To NIALL RYAN, CHRISTOPH SPRENGER and GILLES DAVIET for the Synapse Hair Simulation System."
92,2019,SciTech,SCIENTIFIC AND TECHNICAL AWARD (Technical Achievement Award),SCIENTIFIC AND TECHNICAL AWARD (Technical Achievement Award),,,,Jens-Jørn Stokholm|Ole Moesmann,,True,,"The DPA 4061 and 4071 lavalier microphones exemplify creative design, precise manufacture and meticulous quality control, resulting in consistent performance and exceptional on-set motion picture audio recording.",To JENS-JØRN STOKHOLM and OLE MOESMANN for their innovative development of miniature high-performance DPA lavalier microphones.
92,2019,SciTech,SCIENTIFIC AND TECHNICAL AWARD (Technical Achievement Award),SCIENTIFIC AND TECHNICAL AWARD (Technical Achievement Award),,,,Chris Countryman|Omer T. Inan,,True,,"Originated by company founder Carl Countryman (1946-2006), these meticulously crafted subminiature microphones are easily concealed. Their spectral response-shaping filters, cable mounting and capsule design contribute to their wide adoption by motion picture production sound mixers.",To CHRIS COUNTRYMAN and OMER T. INAN for their engineering of the subminiature high-performance Countryman Associates lavalier microphones.
92,2019,SciTech,SCIENTIFIC AND TECHNICAL AWARD (Technical Achievement Award),SCIENTIFIC AND TECHNICAL AWARD (Technical Achievement Award),,,,Fredrik Limsäter|Björn Rydahl|Mattias Lagergren,,True,,"An extensible, efficient and intuitive post-production tracking software system, ftrack Studio has enabled small and large studios alike to efficiently schedule and manage complex digital motion picture animation and visual effects.","To FREDRIK LIMSÄTER, BJÖRN RYDAHL and MATTIAS LAGERGREN for the design, architecture and engineering of ftrack Studio."
92,2019,SciTech,SCIENTIFIC AND TECHNICAL AWARD (Technical Achievement Award),SCIENTIFIC AND TECHNICAL AWARD (Technical Achievement Award),,,,Don Parker|Matt Daw|Isaac Reuben|Colin Withers|Neil Brandt,,True,,"An extensible, web-based, flexible and scalable system, Shotgun has enabled the efficient management of highly complex visual effects and animation post-production workflows. By facilitating deep integration into a wide variety of facility pipelines, Shotgun has successfully productized the tracking of complex production data on large-scale motion pictures.","To DON PARKER for the product vision and design, MATT DAW for the core architecture, and ISAAC REUBEN, COLIN WITHERS and NEIL BRANDT for the foundational engineering, of the Autodesk Shotgun post-production tracking system."
